timestamp,version,duration_seconds,ccache_hit_rate_before,ccache_files_before,ccache_size_before,ccache_hit_rate_after,ccache_files_after,ccache_size_after,ninja_targets_before,ninja_cache_files_before,ninja_targets_after,ninja_object_files_after,hyprland_binary_md5,git_commit_hash,git_changed_files
1758120003,0.41.2+ds-1.3+step8.9.13,534,70.77,0,0.1,70.91,0,0.1,0,0,229,e9c80071971cdd18,08386bec,2
1758120550,0.41.2+ds-1.3+step8.9.13,70,70.91,0,0.1,70.91,0,0.1,680,22,229,e9c80071971cdd18,08386bec,2
1758121360,0.41.2+ds-1.3+step8.9.13,67,70.91,0,0.1,70.91,0,0.1,680,22,229,e9c80071971cdd18,a0d0bd5e,0
1758121962,0.41.2+ds-1.3+step8.9.14,91,70.91,0,0.1,70.91,0,0.1,680,22,229,e9c80071971cdd18,a0d0bd5e,3
1758122592,0.41.2+ds-1.3+step8.9.15,101,70.91,0,0.1,70.91,0,0.1,680,22,229,e9c80071971cdd18,a0d0bd5e,4
1758126067,0.41.2+ds-1.3+step8.9.16,487,70.91,0,0.1,70.24,0,0.1,0,0,229,b84220a5314d3da6,a0d0bd5e,7
1758127164,0.41.2+ds-1.3+step8.9.17,85,70.24,0,0.1,70.24,0,0.1,680,22,229,92e30f0c20fbc756,a0d0bd5e,9,INCREMENTAL,unknown,unknown
1758128140,0.41.2+ds-1.3+step8.9.22,126,70.64,0,0.1,70.81,0,0.1,602,22,229,7b238d22ccf0b80b,a0d0bd5e,9,FULL,unknown,unknown
1758128334,0.41.2+ds-1.3+step8.9.23,123,70.81,0,0.1,70.98,0,0.1,602,22,229,8a571ec671d3c3d8,a0d0bd5e,9,FULL,unknown,unknown
1758128759,0.41.2+ds-1.3+step8.9.29,400,70.92,0,0.1,70.37,0,0.2,602,22,229,92e30f0c20fbc756,a0d0bd5e,10,INCREMENTAL,unknown,unknown
1758129202,0.41.2+ds-1.3+step8.9.30,102,70.37,0,0.2,70.37,0,0.2,602,22,229,92e30f0c20fbc756,a0d0bd5e,11,INCREMENTAL,unknown,unknown
1758130443,0.41.2+ds-1.3+step8.9.33,93,70.37,0,0.2,70.37,0,0.2,602,22,229,68e08c1dc39abfa5,6a4cef4a,10,INCREMENTAL,unknown,unknown
1758131884,0.41.2+ds-1.3+step8.9.34,79,70.37,0,0.2,70.37,0,0.2,602,22,229,05f1f08e10a39e8e,6a4cef4a,13,INCREMENTAL,unknown,unknown
1758132224,0.41.2+ds-1.3+step8.9.35,63,70.37,0,0.2,70.37,0,0.2,602,22,229,05f1f08e10a39e8e,6a4cef4a,13,INCREMENTAL,unknown,unknown
1758132655,0.41.2+ds-1.3+step8.9.36,78,70.37,0,0.2,70.37,0,0.2,602,22,229,ab62f4fb92f20572,6a4cef4a,14,INCREMENTAL,unknown,unknown
1758145075,0.41.2+ds-1.3+step8.9.37,4,70.37,0,0.2,70.37,0,0.2,602,22,229,ab62f4fb92f20572,6a4cef4a,15,INCREMENTAL,unknown,unknown
1758145184,0.41.2+ds-1.3+step8.9.38,3,70.37,0,0.2,70.37,0,0.2,602,22,229,ab62f4fb92f20572,6a4cef4a,16,INCREMENTAL,unknown,unknown
1758178946,0.41.2+ds-1.3+step8.9.39,452,70.37,0,0.2,69.99,0,0.2,0,0,229,419897ae8e06d3b5,bf6627be,12,FULL,unknown,unknown
1758179441,0.41.2+ds-1.3+step8.9.40,223,69.99,0,0.2,69.20,0,0.2,680,22,229,9a09db234fada7d7,bf6627be,13,INCREMENTAL,unknown,unknown
1758182582,0.41.2+ds-1.3+step8.9.41,199,69.20,0,0.2,69.25,0,0.2,680,22,229,e92f304e51d36de2,a7bfdc0b,15,INCREMENTAL,unknown,unknown
1758182937,0.41.2+ds-1.3+step8.9.42,3,69.25,0,0.2,69.25,0,0.2,602,22,229,e92f304e51d36de2,4978f038,15,INCREMENTAL,unknown,unknown
1758183809,0.41.2+ds-1.3+step8.9.43,3,69.25,0,0.2,69.25,0,0.2,602,22,229,e92f304e51d36de2,4a09863c,17,INCREMENTAL,unknown,unknown
1758184101,0.41.2+ds-1.3+step8.9.44,3,69.25,0,0.2,69.25,0,0.2,602,22,229,e92f304e51d36de2,4a09863c,18,INCREMENTAL,unknown,unknown
1758184259,0.41.2+ds-1.3+step8.9.45,12,69.25,0,0.2,69.25,0,0.2,602,22,229,e92f304e51d36de2,4a09863c,20,INCREMENTAL,unknown,unknown
1758184309,0.41.2+ds-1.3+step8.9.46,12,69.25,0,0.2,69.25,0,0.2,602,22,229,e92f304e51d36de2,4a09863c,21,INCREMENTAL,unknown,unknown
1758184358,0.41.2+ds-1.3+step8.9.47,3,69.25,0,0.2,69.25,0,0.2,602,22,229,e92f304e51d36de2,4a09863c,22,INCREMENTAL,unknown,unknown
1758184398,0.41.2+ds-1.3+step8.9.48,3,69.25,0,0.2,69.25,0,0.2,602,22,229,e92f304e51d36de2,4a09863c,23,INCREMENTAL,unknown,unknown
1758184466,0.41.2+ds-1.3+step8.9.49,3,69.25,0,0.2,69.25,0,0.2,602,22,229,e92f304e51d36de2,4a09863c,24,INCREMENTAL,unknown,unknown
1758184570,0.41.2+ds-1.3+step8.9.50,25,69.25,0,0.2,69.25,0,0.2,602,22,229,72c2d7cb60b3c12d,4a09863c,26,INCREMENTAL,unknown,unknown
1758184666,0.41.2+ds-1.3+step8.9.51,13,69.25,0,0.2,69.25,0,0.2,602,22,229,72c2d7cb60b3c12d,4a09863c,27,INCREMENTAL,unknown,unknown
1758184895,0.41.2+ds-1.3+step8.9.52,314,69.25,0,0.2,69.25,0,0.2,602,22,229,72c2d7cb60b3c12d,4a09863c,29,INCREMENTAL,unknown,unknown
1758185405,0.41.2+ds-1.3+step8.9.53,42,69.25,0,0.2,69.25,0,0.2,602,22,229,72c2d7cb60b3c12d,4a09863c,30,INCREMENTAL,unknown,unknown
1758185513,0.41.2+ds-1.3+step8.9.54,313,69.25,0,0.2,69.25,0,0.2,602,22,229,72c2d7cb60b3c12d,4a09863c,31,INCREMENTAL,unknown,unknown
1758187220,0.41.2+ds-1.3+step8.9.55,3,69.25,0,0.2,69.25,0,0.2,602,22,229,72c2d7cb60b3c12d,09393a5a,30,INCREMENTAL,unknown,unknown
1758193522,0.41.2+ds-1.3+step8.9.57,25,69.25,0,0.2,69.25,0,0.2,602,22,229,c1e14b8e25ca22db,09393a5a,32,INCREMENTAL,unknown,unknown
1758193719,0.41.2+ds-1.3+step8.9.58,19,69.25,0,0.2,69.25,0,0.2,602,22,229,e61c1d72cef30204,09393a5a,33,INCREMENTAL,unknown,unknown
1758194052,0.41.2+ds-1.3+step8.9.59,39,69.25,0,0.2,69.25,0,0.2,602,22,229,a63c8c93349780ce,09393a5a,36,INCREMENTAL,unknown,unknown
1758198851,0.41.2+ds-1.3+step8.9.60,45,69.25,0,0.2,69.25,0,0.2,602,22,229,90569da1297b42d6,09393a5a,37,INCREMENTAL,unknown,unknown
1758201057,0.41.2+ds-1.3+step8.9.61,40,69.25,0,0.2,69.25,0,0.2,602,22,229,21bd18682a9f6c75,09393a5a,38,INCREMENTAL,unknown,unknown
1758203734,0.41.2+ds-1.3+step8.9.62,34,69.25,0,0.2,69.25,0,0.2,602,22,229,3af9a0114498d68e,09393a5a,39,INCREMENTAL,unknown,unknown
1758205276,0.41.2+ds-1.3+step8.9.64,39,69.25,0,0.2,69.25,0,0.2,602,22,229,a626c361fea5e775,09393a5a,41,INCREMENTAL,unknown,unknown
1758206924,0.41.2+ds-1.3+step8.9.65,19,69.25,0,0.2,69.25,0,0.2,602,22,229,e9b32f8b1a5157af,09393a5a,43,INCREMENTAL,unknown,unknown
1758207705,0.41.2+ds-1.3+step8.9.66,43,69.25,0,0.2,69.25,0,0.2,602,22,229,a2398a1942457879,09393a5a,45,INCREMENTAL,unknown,unknown
1758208664,0.41.2+ds-1.3+step8.9.67,44,69.25,0,0.2,69.25,0,0.2,602,22,229,678f4669ef463ccc,09393a5a,46,INCREMENTAL,unknown,unknown
1758209103,0.41.2+ds-1.3+step8.9.68,61,69.25,0,0.2,69.25,0,0.2,602,22,229,4ec79ccac460131c,09393a5a,48,INCREMENTAL,unknown,unknown
1758211154,0.41.2+ds-1.3+step8.9.69,38,69.25,0,0.2,69.25,0,0.2,602,22,229,63f3eaaecde13ad7,09393a5a,49,INCREMENTAL,unknown,unknown
1758212558,0.41.2+ds-1.3+step8.9.72,35,69.25,0,0.2,69.25,0,0.2,602,22,229,5bb286eb871d61a1,09393a5a,50,INCREMENTAL,unknown,unknown
1758221007,0.41.2+ds-1.3+step8.9.73,4,69.25,0,0.2,69.25,0,0.2,602,22,229,5bb286eb871d61a1,09393a5a,52,INCREMENTAL,unknown,unknown
1758222393,0.41.2+ds-1.3+step8.9.74,46,69.25,0,0.2,69.25,0,0.2,602,22,229,401947a17fdfcaf2,df047d19,4,INCREMENTAL,unknown,unknown
1758224038,0.41.2+ds-1.3+step8.9.75,4,69.25,0,0.2,69.25,0,0.2,602,22,229,401947a17fdfcaf2,a2d33f86,3,INCREMENTAL,unknown,unknown
1758224692,0.41.2+ds-1.3+step8.9.76,3,69.25,0,0.2,69.25,0,0.2,602,22,229,401947a17fdfcaf2,7a0738a3,3,INCREMENTAL,unknown,unknown
1758227114,0.41.2+ds-1.3+step8.9.78,48,69.25,0,0.2,69.25,0,0.2,602,22,229,e7ebcb825e2e5a9b,9dac359c,4,INCREMENTAL,unknown,unknown
1758230497,0.41.2+ds-1.3+step8.9.79,3,69.25,0,0.2,69.25,0,0.2,602,22,229,e7ebcb825e2e5a9b,b18ca04b,3,INCREMENTAL,unknown,unknown
1758260852,0.41.2+ds-1.3+step8.9.80,46,69.25,0,0.2,69.25,0,0.2,602,22,229,4ab88c45ca8dde87,334b2b8f,6,INCREMENTAL,unknown,unknown
1758261180,0.41.2+ds-1.3+step8.9.81,45,69.25,0,0.2,69.25,0,0.2,602,22,229,accf9ce62e992c38,5bab70a2,4,INCREMENTAL,unknown,unknown
1758261606,0.41.2+ds-1.3+step8.9.83,47,69.25,0,0.2,69.25,0,0.2,602,22,229,7eb50b5034c17ec1,5bab70a2,10,INCREMENTAL,unknown,unknown
1758261875,0.41.2+ds-1.3+step8.9.84,44,69.25,0,0.2,69.25,0,0.2,602,22,229,77d270da959189bc,b408b855,4,INCREMENTAL,unknown,unknown
1758262055,0.41.2+ds-1.3+step8.9.85,36,69.25,0,0.2,69.25,0,0.2,602,22,229,f22130d67d63b4fa,b8eafa75,4,INCREMENTAL,unknown,unknown
1758264016,0.41.2+ds-1.3+step8.9.87,35,69.25,0,0.2,69.25,0,0.2,602,22,229,17f17a31520da816,e0d5a212,4,INCREMENTAL,unknown,unknown
1758264677,0.41.2+ds-1.3+step8.9.88,44,69.25,0,0.2,69.25,0,0.2,602,22,229,39f2a5c8e341d7dd,0cbc9dd7,4,INCREMENTAL,unknown,unknown
1758265381,0.41.2+ds-1.3+step8.9.89,45,69.25,0,0.2,69.25,0,0.2,602,22,229,3433b850255e8770,54c7f739,4,INCREMENTAL,unknown,unknown
1758265699,0.41.2+ds-1.3+step8.9.91,39,69.25,0,0.2,69.25,0,0.2,602,22,229,4a1d96c656981731,335e77de,4,INCREMENTAL,unknown,unknown
1758266197,0.41.2+ds-1.3+step8.9.92,38,69.25,0,0.2,69.25,0,0.2,602,22,229,4ffc1ba0f12f08dd,9503ad86,4,INCREMENTAL,unknown,unknown
1758271254,0.41.2+ds-1.3+step8.9.97,43,69.25,0,0.2,69.25,0,0.2,602,22,229,2ef6dd4ab7cc5f1a,3c7f9d6e,5,INCREMENTAL,unknown,unknown
1758272315,0.41.2+ds-1.3+step8.9.101,44,69.25,0,0.2,69.25,0,0.2,602,22,229,0bf85e229e5ff34a,e45565ba,7,INCREMENTAL,unknown,unknown
1758272650,0.41.2+ds-1.3+step8.9.102,39,69.25,0,0.2,69.25,0,0.2,602,22,229,8b0e6093b91d531c,f900d538,4,INCREMENTAL,unknown,unknown
1758273112,0.41.2+ds-1.3+step8.9.103,47,69.25,0,0.2,69.25,0,0.2,602,22,229,c5edfcee3b9d48aa,9f4684f4,4,INCREMENTAL,unknown,unknown
1758274003,0.41.2+ds-1.3+step8.9.104,45,69.25,0,0.2,69.25,0,0.2,602,22,229,3f988935ca59cacf,b3f49354,5,INCREMENTAL,unknown,unknown
1758274550,0.41.2+ds-1.3+step8.9.105,46,69.25,0,0.2,69.25,0,0.2,602,22,229,6dd2d20cc4b1f5b1,5351aaf4,5,INCREMENTAL,unknown,unknown
1758275428,0.41.2+ds-1.3+step8.9.107,62,69.25,0,0.2,69.25,0,0.2,602,22,229,be372a5fa5b3752c,4189a64f,4,INCREMENTAL,unknown,unknown
1758275960,0.41.2+ds-1.3+step8.9.108,53,69.25,0,0.2,69.25,0,0.2,602,22,229,9e1cd11ae29af3b3,d9c15d34,5,INCREMENTAL,unknown,unknown
1758276334,0.41.2+ds-1.3+step8.9.109,44,69.25,0,0.2,69.25,0,0.2,602,22,229,35893bb2340095c2,cb95ad91,4,INCREMENTAL,unknown,unknown
1758276787,0.41.2+ds-1.3+step8.9.110,47,69.25,0,0.2,69.25,0,0.2,602,22,229,0ce036ac2cdf5a6b,52dc6ff0,4,INCREMENTAL,unknown,unknown
1758281301,0.41.2+ds-1.3+step8.9.113,48,69.25,0,0.2,69.25,0,0.2,602,22,229,8db5540d0878a334,73549c9b,4,INCREMENTAL,unknown,unknown
1758281675,0.41.2+ds-1.3+step8.9.114,47,69.25,0,0.2,69.25,0,0.2,602,22,229,e7c0f631bbc0e873,3c25e394,4,INCREMENTAL,unknown,unknown
1758281954,0.41.2+ds-1.3+step8.9.115,47,69.25,0,0.2,69.25,0,0.2,602,22,229,681b4386034f7adc,261031ee,4,INCREMENTAL,unknown,unknown
1758286048,0.41.2+ds-1.3+step8.9.116,51,69.25,0,0.2,69.25,0,0.2,602,22,229,7a841e0d03393bbe,5f3ac64e,4,INCREMENTAL,unknown,unknown
